{"cameraMode":{"drawMode":0,"name":"Shaded","section":"Shading Mode"},"sceneLighting":true,"audioPlay":false,"sceneViewState":{"m_AlwaysRefresh":false,"showFog":true,"showSkybox":true,"showFlares":true,"showImageEffects":true,"showParticleSystems":true,"showVisualEffectGraphs":true,"m_FxEnabled":true},"in2DMode":false,"pivot":{"x":-4.004119396209717,"y":8.888728141784668,"z":16.611066818237306},"rotation":{"x":-0.03095504827797413,"y":-0.12114682048559189,"z":-0.0037865466438233854,"w":0.9921512603759766},"size":7.907908916473389,"orthographic":false}